field,raw_label,conformed_label
Bedding_type,Bedframe,Bed frame
Bedding_type,Dead Grass,Dead grass
Business_type,"Hairdresser, barber",Hairdresser/Barber
Business_type,"Restaurant, bar",Restaurant/Bar
Cooking_tech,Electric Plate,Electric plate
Fuel_source_cooking,Charcoal/Paraffin/Stove/Gas/Bio Gas,Charcoal/Paraffin/Stove/Gas/Biogas
Lighting_source,Electricity Solar/Generator/Grid,Electricity/Solar
Lighting_source,Paraffin Lantern,Paraffin lantern
Material_roof,Thatch/Tins,Thatch/Tins/Grass
More_than_1_phone_who_holds,,...
More_than_1_radio_who_holds,,...
Name_Perennial_grown,Jack fruit,Jackfruit
Name_Perennial_grown,Sugar Cane,Sugar cane
No_food_day_often,Often (More than 10 days),Often (More than 10days)
No_food_often,Often (More than 10 days),Often (More than 10days)
No_food_sleep_often,Often (More than 10 days),Often (More than 10days)
Primary_household_goal_over_the_next_12_months,Buy livestock,Buy Livestock
Purpose_for_Borrowing,Home Construction,Home construction
Purpose_for_Borrowing,agriculture,Agriculture
Rental_Income_Categories,Electronics (Sound System,Electronics (Sound system)
Rental_Income_Categories,Events management (Tents/Chairs/Utensils/Cutlery e.t.c),Events Management (Tents/Chairs/Utensils/Cutlery etc)
Rental_Income_Categories,Property (house),Property/House
Season_1,Black Night Shade,Black nightshade
Season_1,Green pepper,Green Pepper
Season_1,Hot pepper,Hot Pepper
Season_1,White Eggplants,White eggplants
Season_2,Black Night Shade,Black nightshade
Season_2,Green pepper,Green Pepper
Season_2,Hot pepper,Hot Pepper
Season_2,White Eggplants,White eggplants
Type_of_Toilet_Facility,VIP Toilet Flushable,VIP flushable
Which_Household_Member_Usually_Collects_water,,...
Who_is_the_primary_holder_of_the_mobile_phone,,...
Who_is_the_primary_holder_of_the_radio,...,
business10_owner,,...
business11_owner,,...
business12_owner,,...
business13_owner,,...
business14_owner,,...
business15_owner,,...
business16_owner,,...
business17_owner,,...
business18_owner,,...
business19_owner,,...
business1_owner,,...
business20_owner,,...
business21_owner,,...
business22_owner,,...
business23_owner,,...
business2_owner,,...
business3_owner,,...
business4_owner,,...
business5_owner,,...
business6_owner,,...
business7_owner,,...
business8_owner,,...
business9_owner,,...
business_owner,,...
decision_1,Female spouse and male head equally,Female spouse and Male head equally
decision_2,Female spouse and male head equally,Female spouse and Male head equally
decision_3,Female spouse and male head equally,Female spouse and Male head equally
decision_4,Female spouse and male head equally,Female spouse and Male head equally
decision_5,Female spouse and male head equally,Female spouse and Male head equally
discord_1,don't know,Don't know
discord_1,no,No
discord_1,yes,Yes
discord_2,don't know,Don't know
discord_2,no,No
discord_2,yes,Yes
discord_3,don't know,Don't know
discord_3,no,No
discord_3,yes,Yes
discord_4,don't know,Don't know
discord_4,no,No
discord_4,yes,Yes
hh_member10_farm,,...
hh_member1_bus1,,...
hh_member1_bus10,,...
hh_member1_bus11,,...
hh_member1_bus12,,...
hh_member1_bus13,,...
hh_member1_bus14,,...
hh_member1_bus15,,...
hh_member1_bus16,,...
hh_member1_bus17,,...
hh_member1_bus18,,...
hh_member1_bus19,,...
hh_member1_bus2,,...
hh_member1_bus20,,...
hh_member1_bus21,,...
hh_member1_bus22,,...
hh_member1_bus23,,...
hh_member1_bus3,,...
hh_member1_bus4,,...
hh_member1_bus5,,...
hh_member1_bus6,,...
hh_member1_bus7,,...
hh_member1_bus8,,...
hh_member1_bus9,,...
hh_member1_casual,,...
hh_member1_farm,,...
hh_member2_bus1,,...
hh_member2_bus10,,...
hh_member2_bus11,,...
hh_member2_bus12,,...
hh_member2_bus13,,...
hh_member2_bus14,,...
hh_member2_bus15,,...
hh_member2_bus16,,...
hh_member2_bus17,,...
hh_member2_bus18,,...
hh_member2_bus19,,...
hh_member2_bus2,,...
hh_member2_bus20,,...
hh_member2_bus21,,...
hh_member2_bus22,,...
hh_member2_bus23,,...
hh_member2_bus3,,...
hh_member2_bus4,,...
hh_member2_bus5,,...
hh_member2_bus6,,...
hh_member2_bus7,,...
hh_member2_bus8,,...
hh_member2_bus9,,...
hh_member2_casual,,...
hh_member2_farm,,...
hh_member3_bus1,,...
hh_member3_bus10,,...
hh_member3_bus11,,...
hh_member3_bus12,,...
hh_member3_bus13,,...
hh_member3_bus14,,...
hh_member3_bus15,,...
hh_member3_bus16,,...
hh_member3_bus17,,...
hh_member3_bus18,,...
hh_member3_bus19,,...
hh_member3_bus2,,...
hh_member3_bus20,,...
hh_member3_bus21,,...
hh_member3_bus22,,...
hh_member3_bus23,,...
hh_member3_bus3,,...
hh_member3_bus4,,...
hh_member3_bus5,,...
hh_member3_bus6,,...
hh_member3_bus7,,...
hh_member3_bus8,,...
hh_member3_bus9,,...
hh_member3_casual,,...
hh_member3_farm,,...
hh_member4_casual,,...
hh_member4_farm,,...
hh_member5_casual,,...
hh_member5_farm,,...
hh_member6_casual,,...
hh_member6_farm,,...
hh_member7_farm,,...
hh_member8_farm,,...
hh_member9_farm,,...
hh_member_bus,,...
hh_member_casual,,...
hh_member_farm,,...
hh_member_lvst,,...
hh_member_salaried,...,
hh_member_salaried_list1,,...
hh_member_salaried_list2,,...
hh_member_salaried_list3,,...
hh_member_salaried_list4,,...
hh_member_salaried_list5,,...
hh_member_salaried_list6,,...
hh_member_salaried_list7,,...
hh_member_salaried_list8,,...
hh_member_salaried_list9,,...
hhh_marital_status,Never married/single,Never married/Single
hhmember_ill_last_30_days,,...
phq_1,Nearly every day,Nearly everyday
phq_2,Nearly every day,Nearly everyday
phq_3,Nearly every day,Nearly everyday
phq_4,Nearly every day,Nearly everyday
phq_5,Nearly every day,Nearly everyday
phq_6,Nearly every day,Nearly everyday
phq_7,Nearly every day,Nearly everyday
phq_8,Nearly every day,Nearly everyday
phq_9,Nearly every day,Nearly everyday
save_mode,Bank account,Bank Account
save_mode,VSLA (cash round),VSLA (Cash round)
save_mode,With a shop keeper,With a shopkeeper
status,I am in the field and have found the respondent (or spouse) who is listed on the tracking sheet.,I am in the field and have found the respondent (or spouse) who is listed on the tracking sheet
