canonical_name,dtype,baseline,year1,year2,notes
submission_key,string,KEY,KEY,KEY,
submitted_at,timestamp,SubmissionDate,SubmissionDate,SubmissionDate,
started_at,timestamp,starttime,starttime,starttime,
ended_at,timestamp,endtime,endtime,endtime,
interview_duration_sec,float,duration,duration,duration,SurveyCTO time the form was open; robust to overnight start/end gaps
form_version,string,formdef_version,formdef_version,formdef_version,
enumerator,string,enumerator,enumerator,enumerator,
household_id,string,hhid_2,hhid_2,hhid_2,
household_id_confirm,string,hhid_2_again,hhid_2_again,hhid_2_again,
interview_status,int,status,status,status,1 = in field and found household; 'Status' is a constant org tag
consent,int,consent_1,consent_1,consent_1,"consent_2 is consent to future follow-up, not to this survey"
district_code,int,district,district,district,code lists differ by cycle; use district label for geography
district,string,pre_district,pre_district,pre_district,
subcounty,string,pre_subcounty,pre_subcounty,pre_subcounty,
parish,string,pre_parish,pre_parish,pre_parish,
cluster,string,Pre_cluster,pre_cluster,pre_cluster,
village,string,pre_village,pre_village,pre_village,
cohort,string,,,pre_cohort,year2 only
wealth_quartile,string,Quartile,Quartile,Quartile,
respondent,int,respondent,respondent,respondent,
hh_size,int,hh_size,hh_size,hh_size,
head_sex,int,hhh_sex,hhh_sex,hhh_sex,
head_age,int,hhh_age,hhh_age,hhh_age,
head_education,int,hhh_educ_level,hhh_educ_level,hhh_educ_level,
head_literate,int,hhh_read_write,hhh_read_write,hhh_read_write,
ppi_score,float,PPI Score,PPI Score,PPI Score,
hhip_usd_day,float,HH Income + Consumption + Residues/Day (USD),HH Income + Consumption + Residues/Day (USD),HH Income + Consumption + Residues/Day (USD),
hhip_usd_ppp_day,float,HH Income + Consumption + Residues/Day (USD_PPP),HH Income + Consumption + Residues/Day (USD_PPP),HH Income + Consumption + Residues/Day (USD_PPP),
hhip_usd_year,float,HH Income + Consumption + Residues (USD),HH Income + Consumption + Residues (USD),HH Income + Consumption + Residues (USD),
hh_income_usd_year,float,HH Income (USD),HH Income (USD),HH Income (USD),
consumption_residues_usd_year,float,Consumption (USD),Consumption + Residues (USD),Consumption + Residues(USD),baseline 'Consumption (USD)' already includes residues (income + it = total)
inc_seasonal_crops_usd,float,Seasonal Crops Income (USD),Seasonal Crops Income (USD),Seasonal Crops Income (USD),
inc_perennial_crops_usd,float,Perenial Crops Income (USD),Perenial Crops Income (USD),Perenial Crops Income (USD),
inc_livestock_usd,float,Livestock Income (USD),Livestock Income (USD),Livestock Income (USD),
inc_casual_labour_usd,float,Casual Labour (USD),Casual Labour (USD),Casual Labour (USD),
inc_formal_employment_usd,float,Formal Employment (USD),Formal Employment (USD),Formal Employment (USD),
inc_business_usd,float,Personal Business & Self Employment (USD),Personal Business & Self Employment (USD),Personal Business & Self Employment (USD),
inc_remittances_usd,float,Remittances & Gifts (USD),Remittances & Gifts (USD),Remittances & Gifts (USD),
inc_rent_usd,float,Rent Income (Property & Land) (USD),Rent Income (Property & Land) USD,Rent Income (Property & Land) USD,
inc_vsla_profits_usd,float,,,VSLA_Profits (USD),year2 only
inc_vegetables_usd,float,,,Vegetable Income (USD),year2 only
assets_usd,float,,Assets (USD),Assets (USD),not exported at baseline
livestock_asset_usd,float,,Livestock Asset Value (USD),Livestock Asset Value (USD),baseline only has USD_Cons_rate/PPP variants
savings_ugx,float,Total Savings (Ugx),Total Savings (Ugx),Total Savings (Ugx),the '.1' duplicate column differs; first occurrence used
loan_amount_ugx,float,Loan Amount (Ugx),Loan Amount (Ugx),Loan Amount (Ugx),the '.1' duplicate column differs; first occurrence used
owns_land,int,Does_your_Household_own_any_Land,Does_your_Household_own_any_Land,Does_your_Household_own_any_Land,
land_owned_acres,float,Size_land_owned,Size_land_owned,Size_land_owned,
roof_material,int,Material_roof,Material_roof,Material_roof,
water_source,int,Main_source_of_water_for_consumption,Main_source_of_water_for_consumption,Main_source_of_water_for_consumption,
toilet_type,int,Type_of_Toilet_Facility,Type_of_Toilet_Facility,Type_of_Toilet_Facility,
cooking_fuel,int,Fuel_source_cooking,Fuel_source_cooking,Fuel_source_cooking,
lighting_source,int,Lighting_source,Lighting_source,Lighting_source,
all_members_have_shoes,int,Every_Member_at_least_ONE_Pair_of_Shoes,Every_Member_at_least_ONE_Pair_of_Shoes,Every_Member_at_least_ONE_Pair_of_Shoes,
water_litres_day,float,Average_Water_Consumed_Per_Day,Average_Water_Consumed_Per_Day,Average_Water_Consumed_Per_Day,"form unit is jerry cans per day, not litres"
satisfied_quality_of_life,int,satisfied_quality_of_life,satisfied_quality_of_life,satisfied_quality_of_life,
gps_lat,float,GPS-Latitude,,,baseline only
gps_lon,float,GPS-Longitude,,,baseline only
